{
    "loss": 0.4386485517024994,
    "accuracy": 0.8672022819519043
}